name,field_office,address_line1,city,state,postal_code,country,phone,address_full,detail_url,latitude,longitude,trac_type_detailed,trac_guaranteed_minimum,trac_average_daily_population,trac_as_of
Abyon | Farmville Detention Center,Washington Field Office,508 Waterworks Road,Farmville,VA,23901,United States,,"508 Waterworks Road Farmville, VA 23901 United States",https://www.ice.gov/detain/detention-facilities/farmville-detention-center,37.32044399999999,-78.44087569999999,,,,
Adams County Correctional Center,New Orleans Field Office,20 Hobo Forks Road,Natchez,MS,39120,United States,,"20 Hobo Forks Road Natchez, MS 39120 United States",https://www.ice.gov/detain/detention-facilities/adams-county-detention-center,31.5574938,-91.2217027,DIGSA,1436,2224,11/28/2025
Adelanto ICE Processing Center,Los Angeles Field Office,Adelanto East 10400 Rancho Road | Adelanto West 10250 Rancho Road,Adelanto,CA,92301,United States,,"Adelanto East 10400 Rancho Road | Adelanto West 10250 Rancho Road Adelanto, CA 92301 United States",https://www.ice.gov/detain/detention-facilities/adelanto-ice-processing-center,34.5591013,-117.4414952,CDF,640,1786,11/28/2025
Alamance County Detention Center,Atlanta Field Office,109 South Maple Street,Graham,NC,27253,United States,,"109 South Maple Street Graham, NC 27253 United States",https://www.ice.gov/detain/detention-facilities/alamance-county-detention-center,36.0683261,-79.40356709999999,,,,
Allen Parish Public Safety Complex,New Orleans Field Office,7340 Highway 26 W,Oberlin,LA,70655,United States,,"7340 Highway 26 W Oberlin, LA 70655 United States",https://www.ice.gov/detain/detention-facilities/allen-parish-public-safety-complex,30.624485,-92.783878,IGSA,170,145,11/28/2025
Anchorage Correctional Complex,Seattle Field Office,1400 E Fourth Ave,Anchorage,AK,99501,United States,,"1400 E Fourth Ave Anchorage, AK 99501 United States",https://www.ice.gov/detain/detention-facilities/anchorage-correctional-complex,61.2185041,-149.8573539,USMS IGA,,3,11/28/2025
Baker County Detention Center,Miami Field Office,1 Sheriff's Office Drive,MacClenny,FL,32063,United States,,"1 Sheriff's Office Drive MacClenny, FL 32063 United States",https://www.ice.gov/detain/detention-facilities/baker-county-facility,30.29596799999999,-82.1217298,,,,
Bluebonnet Detention Facility,Dallas Field Office,400 2nd Street,Anson,TX,79501,United States,,"400 2nd Street Anson, TX 79501 United States",https://www.ice.gov/detain/detention-facilities/bluebonnet-detention-facility,32.7676451,-99.8880841,DIGSA,750,1027,11/28/2025
Boone County Jail,Chicago Field Office,3020 Conrad Lane,Burlington,KY,41005,United States,,"3020 Conrad Lane Burlington, KY 41005 United States",https://www.ice.gov/detain/detention-facilities/boone-county-jail,39.0365031,-84.7283616,USMS IGA,,195,11/28/2025
Broome County Correctional Facility,Buffalo Field Office,155 Lt. VanWinkle Drive,Binghamton,NY,13905,United States,,"155 Lt. VanWinkle Drive Binghamton, NY 13905 United States",https://www.ice.gov/detain/detention-facilities/broome-county-correctional-facility,42.1323993,-75.9167679,,,,
Broward Transitional Center,Miami Field Office,3900 N. Powerline Road,Pompano Beach,FL,33073,United States,,"3900 N. Powerline Road Pompano Beach, FL 33073 United States",https://www.ice.gov/detain/detention-facilities/broward-transitional-center,26.2777097,-80.1521559,CDF,700,668,11/10/2025
Buffalo (Batavia) Service Processing Center,Buffalo Field Office,4250 Federal Drive,Batavia,NY,14020,United States,,"4250 Federal Drive Batavia, NY 14020 United States",https://www.ice.gov/detain/detention-facilities/buffalo-batavia-service-processing-center,43.0201451,-78.2023932,SPC,400,359,09/30/2023
Butler County Sheriff’s Office,Detroit Field Office,705 Hanover Street,Hamilton,OH,45011,United States,,"705 Hanover Street Hamilton, OH 45011 United States",https://www.ice.gov/detain/detention-facilities/butler-county-sheriffs-office,39.3875859,-84.5557427,,,,
Calhoun County Correctional Center,Detroit Field Office,185 E. Michigan Street,Battle Creek,MI,49014,United States,,"185 E. Michigan Street Battle Creek, MI 49014 United States",https://www.ice.gov/detain/detention-facilities/calhoun-county-correctional-center,42.3166565,-85.1757947,IGSA,75,156,11/28/2025
California City Detention Facility,San Francisco Field Office,22844 Virginia Boulevard,California City,CA,93505,United States,,"22844 Virginia Boulevard California City, CA 93505 United States",https://www.ice.gov/detain/detention-facilities/california-city-detention-facility,35.1517183,-117.858652,,,,
Campbell County Detention Center,Chicago Field Office,601 Central Avenue,Newport,KY,41071,United States,(859) 431-4611,"601 Central Avenue Newport, KY 41071 United States",https://www.ice.gov/detain/detention-facilities/campbell-county-detention-center,39.08908419999999,-84.4963222,,,,
Caroline Detention Facility,Washington Field Office,11093 SW Lewis Memorial Dr,Bowling Green,VA,22427,United States,,"11093 SW Lewis Memorial Dr Bowling Green, VA 22427 United States",https://www.ice.gov/detain/detention-facilities/caroline-detention-facility,38.1116967,-77.26721069999999,DIGSA,224,346,11/28/2025
Central Arizona Florence Correctional Center,Phoenix Field Office,1100 Bowling Road,Florence,AZ,85132,United States,,"1100 Bowling Road Florence, AZ 85132 United States",https://www.ice.gov/detain/detention-facilities/florence-correctional-center,33.0433427,-111.3720644,,,,
Central Louisiana ICE Processing Center,New Orleans Field Office,830 Pine Hill Road,Jena,LA,71342,United States,,"830 Pine Hill Road Jena, LA 71342 United States",https://www.ice.gov/detain/detention-facilities/central-louisiana-ipc,31.7089427,-92.1505809,,,,
Chase County Jail,Chicago Field Office,301 South Walnut,Cottonwood Falls,KS,66845,United States,,"301 South Walnut Cottonwood Falls, KS 66845 United States",https://www.ice.gov/detain/detention-facilities/chase-county-jail,38.3678625,-96.5386875,IGSA,,112,11/28/2025
Chippewa County Correctional Facility,Detroit Field Office,325 Court Street,Sault Ste. Marie,MI,49783,United States,,"325 Court Street Sault Ste. Marie, MI 49783 United States",https://www.ice.gov/detain/detention-facilities/chippewa-county-correctional-facility,46.4973719,-84.3455596,,,,
Christian County Jail,Chicago Field Office,410 West 7th Street,Hopkinsville,KY,42240,United States,,"410 West 7th Street Hopkinsville, KY 42240 United States",https://www.ice.gov/detain/detention-facilities/christian-county-jail,36.8682675,-87.490437,USMS IGA,,89,11/28/2025
Cibola County Correctional Center,El Paso Field Office,2000 Cibola Loop,Milan,NM,87021,United States,,"2000 Cibola Loop Milan, NM 87021 United States",https://www.ice.gov/detain/detention-facilities/cibola-county-correctional-center,35.1799003,-107.907208,IGSA,,217,11/28/2025
Cimarron Correctional Facility,Dallas Field Office,3200 S. Kings Hwy,Cushing,OK,74023,United States,,"3200 S. Kings Hwy Cushing, OK 74023 United States",https://www.ice.gov/detain/detention-facilities/cimarron-correctional-facility,35.9434371,-96.7821932,,,,
Clark County Jail,Chicago Field Office,501 E Court Avenue,Jeffersonville,IN,47130,United States,,"501 E Court Avenue Jeffersonville, IN 47130 United States",https://www.ice.gov/detain/detention-facilities/clark-county-jail,38.277738,-85.73775429999999,,,,
Clay County Jail,Chicago Field Office,611 East Jackson Street,Brazil,IN,47834,United States,,"611 East Jackson Street Brazil, IN 47834 United States",https://www.ice.gov/detain/detention-facilities/clay-county-jail,39.5237009,-87.1190405,USMS IGA,,41,05/13/2024
Clinton County Correctional Facility,Philadelphia Field Office,58 Pine Mountain Road,McElhattan,PA,17748,United States,,"58 Pine Mountain Road McElhattan, PA 17748 United States",https://www.ice.gov/detain/detention-facilities/clinton-county-correctional-facility,41.1508791,-77.3499399,USMS IGA,,89,11/28/2025
Clinton County Jail,Buffalo Field Office,25 McCarthy Drive,Plattsburgh,NY,12901,United States,,"25 McCarthy Drive Plattsburgh, NY 12901 United States",https://www.ice.gov/detain/detention-facilities/clinton-county-jail,44.72054319999999,-73.4670063,USMS IGA,,3,11/28/2025
Clinton County Sheriff's Office,Chicago Field Office,301 E Walnut Street,Frankfort,IN,46041,United States,,"301 E Walnut Street Frankfort, IN 46041 United States",https://www.ice.gov/detain/detention-facilities/clinton-county-so,40.2792086,-86.50877799999999,,,,
CNMI Department of Corrections,San Francisco Field Office,Vincente Taman Building,"Susupe, Saipan",MP,96950,United States,,"Vincente Taman Building Susupe, Saipan, MP 96950 United States",https://www.ice.gov/detain/detention-facilities/cnmi-department-corrections,15.1567839,145.7028775,,,,
Coastal Bend Detention Center,Harlingen Field Office,4909 Farm to Market Road,Robstown,TX,78380,United States,,"4909 Farm to Market Road Robstown, TX 78380 United States",https://www.ice.gov/detain/detention-facilities/coastal-bend-detention-center,27.7903032,-97.6688843,,,,
CoreCivic Laredo Processing Center,Harlingen Field Office,4702 East Saunders,Laredo,TX,78401,United States,,"4702 East Saunders Laredo, TX 78401 United States",https://www.ice.gov/detain/detention-facilities/laredo-detention-center,27.5292214,-99.44793399999999,,,,
CoreCivic Webb County Detention Center,Harlingen Field Office,9998 S. Highway 83,Laredo,TX,78046,United States,,"9998 S. Highway 83 Laredo, TX 78046 United States",https://www.ice.gov/detain/detention-facilities/webb-county-detention-center,27.3698802,-99.49025619999999,,,,
Corrections Center of Northwest Ohio (CCNO),Detroit Field Office,03151 Co. Rd. 24.2,Stryker,OH,43557,United States,,"03151 Co. Rd. 24.2 Stryker, OH 43557 United States",https://www.ice.gov/detain/detention-facilities/corrections-center-northwest-ohio-ccno,41.4852471,-84.4598111,,,,
Cumberland County Jail,Boston Field Office,50 County Way,Portland,ME,04102,United States,(207) 774-5939,"50 County Way Portland, ME 04102 United States",https://www.ice.gov/detain/detention-facilities/cumberland-county-jail,43.6513147,-70.28180789999999,USMS IGA,,62,11/28/2025
Daviess County Detention Center,Chicago Field Office,3337 Highway 144,Owensboro,KY,42303,United States,,"3337 Highway 144 Owensboro, KY 42303 United States",https://www.ice.gov/detain/detention-facilities/daviess-county-detention-center,37.7871208,-87.0702975,,,,
Delaney Hall Detention Facility,Newark Field Office,451 Doremus Avenue,Newark,NJ,07105,United States,,"451 Doremus Avenue Newark, NJ 07105 United States",https://www.ice.gov/detain/detention-facilities/delaney-hall-detention-facility,40.7181313,-74.12849729999999,CDF,700,855,11/28/2025
Denver Contract Detention Facility (Aurora),Denver Field Office,3130 North Oakland Street,Aurora,CO,80010,United States,,"3130 North Oakland Street Aurora, CO 80010 United States",https://www.ice.gov/detain/detention-facilities/aurora-contract-detention-facility,39.76134709999999,-104.8490165,,,,
Desert View Annex,Los Angeles Field Office,10450 Rancho Road,Adelanto,CA,92301,United States,,"10450 Rancho Road Adelanto, CA 92301 United States",https://www.ice.gov/detain/detention-facilities/desert-view-annex,34.5588215,-117.4372847,CDF,480,415,11/10/2025
Dilley Immigration Processing Center,San Antonio Field Office,300 El Rancho Way,Dilley,TX,78017,United States,,"300 El Rancho Way Dilley, TX 78017 United States",https://www.ice.gov/detain/detention-facilities/dilley-immigration-processing-center,28.6578745,-99.2003862,FAMILY,2400,552,11/28/2025
Dodge Detention Facility,Chicago Field Office,216 W. Center Street,Juneau,WI,53039,United States,,"216 W. Center Street Juneau, WI 53039 United States",https://www.ice.gov/detain/detention-facilities/dodge-detention-facility,43.4073522,-88.706355,,,,
East Hidalgo Detention Center,Harlingen Field Office,1300 E Hwy 107,La Villa,TX,78562,United States,,"1300 E Hwy 107 La Villa, TX 78562 United States",https://www.ice.gov/detain/detention-facilities/east-hidalgo-detention-center,26.2963533,-97.9178948,USMS IGA,,3,11/28/2025
Eden Detention Center,Dallas Field Office,704 E Broadway Street,Eden,TX,76837,United States,,"704 E Broadway Street Eden, TX 76837 United States",https://www.ice.gov/detain/detention-facilities/eden-detention-center,31.2168095,-99.8337901,USMS IGA,,207,01/22/2024
El Paso Service Processing Center,El Paso Field Office,8915 Montana Avenue,El Paso,TX,79925,United States,,"8915 Montana Avenue El Paso, TX 79925 United States",https://www.ice.gov/detain/detention-facilities/el-paso-service-processing-center,31.7942381,-106.3676273,SPC,450,817,11/28/2025
El Valle Detention Facility,Harlingen Field Office,1800 Industrial Drive,Raymondville,TX,78580,United States,,"1800 Industrial Drive Raymondville, TX 78580 United States",https://www.ice.gov/detain/detention-facilities/el-valle-detention-facility,26.470298,-97.7586475,DIGSA,600,910,11/28/2025
Elizabeth Contract Detention Facility,Newark Field Office,625 Evans Street,Elizabeth,NJ,07201,United States,,"625 Evans Street Elizabeth, NJ 07201 United States",https://www.ice.gov/detain/detention-facilities/elizabeth-contract-detention-facility,40.6660324,-74.1898667,CDF,285,293,11/28/2025
Elmore County Detention Center (Elmore County Jail),Salt Lake City Field Office,2255 East 8th North,Mountain Home,ID,83647,United States,,"2255 East 8th North Mountain Home, ID 83647 United States",https://www.ice.gov/detain/detention-facilities/elmore-county-detention-center-elmore-county-jail,43.1368404,-115.6731309,,,,
Eloy Detention Center,Phoenix Field Office,1705 E Hanna Road,Eloy,AZ,85131,United States,,"1705 E Hanna Road Eloy, AZ 85131 United States",https://www.ice.gov/detain/detention-facilities/eloy-detention-center,32.8176183,-111.5200907,,,,
ERO El Paso Camp East Montana,El Paso Field Office,6920 Digital Road,El Paso,TX,79936,United States,,"6920 Digital Road El Paso, TX 79936 United States",https://www.ice.gov/detain/detention-facilities/camp-east-montana,31.811927,-106.2981181,CDF,,2774,11/28/2025
FCI Atlanta,Atlanta Field Office,601 McDonough Blvd SE,Atlanta,GA,30315,United States,,"601 McDonough Blvd SE Atlanta, GA 30315 United States",https://www.ice.gov/detention-facilities/fci-atlanta,33.7116427,-84.3686625,BOP,,114,11/28/2025
FCI Leavenworth,Chicago Field Office,1300 Metropolitan,Leavenworth,KS,66048,United States,,"1300 Metropolitan Leavenworth, KS 66048 United States",https://www.ice.gov/detain/detention-facilities/fci-leavenworth,39.3299481,-94.93634980000002,,,,
FDC Miami,Miami Field Office,33 NE 4th Street,Miami,FL,33132,United States,,"33 NE 4th Street Miami, FL 33132 United States",https://www.ice.gov/detain/detention-facilities/fdc-miami,25.7785364,-80.1932264,,,,
FDC Philadelphia,Philadelphia Field Office,700 Arch Street,Philadelphia,PA,19106,United States,,"700 Arch Street Philadelphia, PA 19106 United States",https://www.ice.gov/detain/detention-facilities/fdc-philadelphia,39.9526835,-75.1521168,BOP,,94,11/28/2025
"Federal Correctional Institution - Berlin, NH",Boston Field Office,1 Success Loop Rd,Berlin,NH,03570,United States,,"1 Success Loop Rd Berlin, NH 03570 United States",https://www.ice.gov/detain/detention-facilities/federal-correctional-institution-berlin-nh,44.5213005,-71.1360472,,,,
"Federal Detention Center, Honolulu (FDC Honolulu)",San Francisco Field Office,351 Elliott Street,Honolulu,HI,96819,United States,,"351 Elliott Street Honolulu, HI 96819 United States",https://www.ice.gov/detain/detention-facilities/federal-detention-center-honolulu-fdc-honolulu,21.3338725,-157.9279267,,,,
Florence Service Processing Center,Phoenix Field Office,3250 N. Pinal Parkway,Florence,AZ,85132,United States,,"3250 N. Pinal Parkway Florence, AZ 85132 United States",https://www.ice.gov/detain/detention-facilities/florence-spc,33.0639503,-111.3794387,SPC,392,321,11/28/2025
Folkston D Ray ICE Processing Center,Atlanta Field Office,3262 Hwy 252E,Folkston,GA,31537,United States,,"3262 Hwy 252E Folkston, GA 31537 United States",https://www.ice.gov/detain/detention-facilities/folkston-d-ray-ice-processing-center,30.8305102,-82.0098375,,,,
Folkston ICE Processing Center (Annex),Atlanta Field Office,3424 Hwy 252 E,Folkston,GA,31537,United States,,"3424 Hwy 252 E Folkston, GA 31537 United States",https://www.ice.gov/detain/detention-facilities/folkston-ice-processing-center-annex,30.8749079,-81.9806924,,,,
Folkston ICE Processing Center (Main),Atlanta Field Office,3026 Hwy 252 East,Folkston,GA,31537,United States,,"3026 Hwy 252 East Folkston, GA 31537 United States",https://www.ice.gov/detain/detention-facilities/folkston-ice-processing-center-main,30.8763257,-81.97801609999999,,,,
Freeborn County Jail Services,St. Paul Field Office,411 S. Broadway Avenue,Albert Lea,MN,56007,United States,,"411 S. Broadway Avenue Albert Lea, MN 56007 United States",https://www.ice.gov/detain/detention-facilities/freeborn-county-jail-services,43.6459816,-93.3681003,,,,
Geauga County Safety Center,Detroit Field Office,12450 Merritt Road,Chardon,OH,44024,United States,,"12450 Merritt Road Chardon, OH 44024 United States",https://www.ice.gov/detain/detention-facilities/geauga-county-safety-center,41.5046752,-81.1915623,,,,
Glades County Detention Center,Miami Field Office,1297 East SR 78,Moore Haven,FL,33471,United States,,"1297 East SR 78 Moore Haven, FL 33471 United States",https://www.ice.gov/detain/detention-facilities/glades-county-detention-center,26.8386472,-81.1239104,IGSA,500,466,11/28/2025
Golden State Annex,San Francisco Field Office,611 Frontage Road,McFarland,CA,93250,United States,,"611 Frontage Road McFarland, CA 93250 United States",https://www.ice.gov/detain/detention-facilities/golden-state-annex,35.6697644,-119.2278172,CDF,560,621,11/28/2025
Grand Forks County Correctional Center,St. Paul Field Office,1701 North Washington,Grand Forks,ND,58203,United States,,"1701 North Washington Grand Forks, ND 58203 United States",https://www.ice.gov/detain/detention-facilities/grand-forks-county-correctional-center,47.935621,-97.0576258,,,,
Grayson County Detention Center,Chicago Field Office,320 Shaw Station Road,Leachfield,KY,42754,United States,,"320 Shaw Station Road Leachfield, KY 42754 United States",https://www.ice.gov/detain/detention-facilities/grayson-county-detention-center,37.4890253,-86.27049819999999,USMS IGA,,0,01/07/2021
Greene County Jail,Chicago Field Office,1199 N Haseltine Road,Springfield,MO,65802,United States,(417) 868-4040,"1199 N Haseltine Road Springfield, MO 65802 United States",https://www.ice.gov/detain/detention-facilities/greene-county-jail,37.224653,-93.38618,USMS IGA,,273,11/28/2025
"Guam Department of Corrections, Hagatna Detention Facility",San Francisco Field Office,203 Aspinall Avenue,Hagatna,GU,96910,United States,,"203 Aspinall Avenue Hagatna, GU 96910 United States",https://www.ice.gov/detain/detention-facilities/guam-department-corrections-hagatna-detention-facility,13.474307,144.7505229,,,,
Henderson Detention Center,Salt Lake City Field Office,18 E. Basic Road,Henderson,NV,89015,United States,,"18 E. Basic Road Henderson, NV 89015 United States",https://www.ice.gov/detain/detention-facilities/henderson-detention-center,36.0309509,-114.9787348,USMS IGA,,69,09/30/2023
Hopkins County Jail,Chicago Field Office,2250 Laffoon Trl,Madisonville,KY,42431,United States,,"2250 Laffoon Trl Madisonville, KY 42431 United States",https://www.ice.gov/detention-facilities/hopkins-county,37.3377164,-87.54017809999999,USMS IGA,,166,11/28/2025
Houston Contract Detention Facility,Houston Field Office,15850 Export Plaza Drive,Houston,TX,77032,United States,,"15850 Export Plaza Drive Houston, TX 77032 United States",https://www.ice.gov/detain/detention-facilities/houston-contract-detention-facility,29.9497807,-95.31226939999999,CDF,750,881,11/28/2025
IAH Polk Adult Detention Facility,Houston Field Office,3400 FM 350 South,Livingston,TX,77351,United States,,"3400 FM 350 South Livingston, TX 77351 United States",https://www.ice.gov/detain/detention-facilities/iah-polk-adult-detention-facility,30.6980352,-95.0062201,,,,
Imperial Regional Detention Facility,San Diego Field Office,1572 Gateway Road,Calexico,CA,92231,United States,,"1572 Gateway Road Calexico, CA 92231 United States",https://www.ice.gov/detain/detention-facilities/imperial-regional-detention-facility,32.6901156,-115.3975363,CDF,640,642,11/28/2025
Jackson Parish Correctional Center,New Orleans Field Office,287 Industrial Drive,Jonesboro,LA,71251,United States,,"287 Industrial Drive Jonesboro, LA 71251 United States",https://www.ice.gov/detain/detention-facilities/jackson-parish-correctional-center,32.215231,-92.7158968,IGSA,500,1205,11/28/2025
Joe Corley Processing Center,Houston Field Office,500 Hilbig Road,Conroe,TX,77301,United States,,"500 Hilbig Road Conroe, TX 77301 United States",https://www.ice.gov/detain/detention-facilities/joe-corley-processing-center,30.3357896,-95.4480609,,,,
Kandiyohi County Jail,St. Paul Field Office,2201 23rd St. NE,Willmar,MN,56201,United States,,"2201 23rd St. NE Willmar, MN 56201 United States",https://www.ice.gov/detain/detention-facilities/kandiyohi-county-jail,45.1457492,-95.0139765,IGSA,,110,11/28/2025
Karnes County Immigration Processing Center,San Antonio Field Office,409 FM 1144,Karnes City,TX,78118,United States,,"409 FM 1144 Karnes City, TX 78118 United States",https://www.ice.gov/detain/detention-facilities/karnes-county-ipc,28.8849772,-97.9008355,DIGSA,928,1185,11/28/2025
Kay County Detention Center,Chicago Field Office,1101 West Dry Road,Newkirk,OK,74647,United States,,"1101 West Dry Road Newkirk, OK 74647 United States",https://www.ice.gov/detain/detention-facilities/kay-county-detention-center,36.8678591,-97.0691621,,,,
Kenton County Detention Center,Chicago Field Office,3000 Decker Crane Lane,Covington,KY,41017,United States,,"3000 Decker Crane Lane Covington, KY 41017 United States",https://www.ice.gov/detain/detention-facilities/kenton-county-detention-center,39.0024275,-84.53061249999999,,,,
Krome North Service Processing Center,Miami Field Office,18201 SW 12th Street,Miami,FL,33194,United States,,"18201 SW 12th Street Miami, FL 33194 United States",https://www.ice.gov/detain/detention-facilities/krome-north-service-processing-center,25.7543477,-80.4891143,SPC,450,843,11/28/2025
La Salle County Regional Detention Center,San Antonio Field Office,832 East Texas HWY 44,Encinal,TX,78019,United States,,"832 East Texas HWY 44 Encinal, TX 78019 United States",https://www.ice.gov/detain/detention-facilities/la-salle-county-regional-detention-center,28.0455037,-99.3362626,USMS IGA,,287,11/28/2025
Limestone County Detention Center,Houston Field Office,910 North Tyus Street,Groesbeck,TX,76642,United States,,"910 North Tyus Street Groesbeck, TX 76642 United States",https://www.ice.gov/detain/detention-facilities/limestone-county-detention-center,31.5268364,-96.51481919999999,USMS IGA,,243,11/28/2025
Louisiana ICE Processing Center,New Orleans Field Office,17544 Tunica Trace,Angola,LA,70712,United States,,"17544 Tunica Trace Angola, LA 70712 United States",https://www.ice.gov/detain/detention-facilities/louisiana-ice-processing-center,30.9406745,-91.5683806,,,,
Mahoning County Justice Center,Detroit Field Office,110 Fifth Avenue,Youngstown,OH,44503,United States,,"110 Fifth Avenue Youngstown, OH 44503 United States",https://www.ice.gov/detain/detention-facilities/mahoning-county-justice-center,41.1042306,-80.6549256,,,,
McCook Detention Center,St. Paul Field Office,2309 US-83 N,McCook,NE,69001,United States,,"2309 US-83 N McCook, NE 69001 United States",https://www.ice.gov/detain/detention-facilities/mccook-detention-center,40.2279917,-100.6487162,DIGSA,,5,11/10/2025
MDC Brooklyn,New York City Field Office,80 29th Street,Brooklyn,NY,11232,United States,,"80 29th Street Brooklyn, NY 11232 United States",https://www.ice.gov/detain/detention-facilities/mdc-brooklyn,40.6599299,-74.0037546,,,,
Mesa Verde ICE Processing Center,San Francisco Field Office,425 Golden State Avenue,Bakersfield,CA,93301,United States,,"425 Golden State Avenue Bakersfield, CA 93301 United States",https://www.ice.gov/detain/detention-facilities/mesa-verde-ice-processing-facility,35.3799739,-119.0064452,CDF,320,371,11/28/2025
Miami Correctional Facility (MCF),Chicago Field Office,3038 West 850S,Bunker Hill,IN,46914,United States,,"3038 West 850S Bunker Hill, IN 46914 United States",https://www.ice.gov/detain/detention-facilities/miami-correctional-facility-mcf,40.644835,-86.13349339999999,,,,
Monroe County Jail,Detroit Field Office,7000 East Dunbar Road,Monroe,MI,48161,United States,,"7000 East Dunbar Road Monroe, MI 48161 United States",https://www.ice.gov/detain/detention-facilities/monroe-county-jail,41.89553069999999,-83.39339439999999,,,,
Montgomery Processing Center,Houston Field Office,806 Hilbig Road,Conroe,TX,77301,United States,,"806 Hilbig Road Conroe, TX 77301 United States",https://www.ice.gov/detain/detention-facilities/montgomery-processing-center,30.336088,-95.44250459999999,,,,
Moshannon Valley Processing Center,Philadelphia Field Office,555 GEO Drive,Philipsburg,PA,16866,United States,,"555 GEO Drive Philipsburg, PA 16866 United States",https://www.ice.gov/detain/detention-facilities/moshannon-valley-processing-center,40.9221524,-78.2405572,DIGSA,800,1600,11/28/2025
Natrona County Detention Center,Denver Field Office,1100 Bruce Lane,Casper,WY,82601,United States,,"1100 Bruce Lane Casper, WY 82601 United States",https://www.ice.gov/detain/detention-facilities/natrona-county-detention-center,42.8626014,-106.3455262,,,,
Naval Station Guantanamo Bay (JTF Camp Six and Migrant Ops Center Main A),Miami Field Office,,,,,,,,https://www.ice.gov/detain/detention-facilities/naval-station-guantanamo-bay,38.7945952,-106.5348379,,,,
Nevada Southern Detention Center,Salt Lake City Field Office,2190 E Mesquite Avenue,Pahrump,NV,89048,United States,,"2190 E Mesquite Avenue Pahrump, NV 89048 United States",https://www.ice.gov/detain/detention-facilities/nevada-southern-detention-center,36.252992,-115.975308,USMS CDF,,460,11/28/2025
North Lake Processing Center,Detroit Field Office,1805 W 32nd Street,Baldwin,MI,49304,United States,,"1805 W 32nd Street Baldwin, MI 49304 United States",https://www.ice.gov/detain/detention-facilities/north-lake-processing-center,43.9284879,-85.83946130000001,,,,
Northeast Ohio Correctional Center,Detroit Field Office,2240 Hubbard Road,Youngstown,OH,44505,United States,,"2240 Hubbard Road Youngstown, OH 44505 United States",https://www.ice.gov/detain/detention-facilities/northeast-ohio-correctional-center,41.13167869999999,-80.63199780000001,USMS IGA,,220,11/28/2025
Northwest ICE Processing Center (NWIPC),Seattle Field Office,"1623 E J Street, Suite 2",Tacoma,WA,98421-1615,United States,,"1623 E J Street, Suite 2 Tacoma, WA 98421-1615 United States",https://www.ice.gov/detain/detention-facilities/northwest-ice-processing-center-nwipc,47.24986029999999,-122.4218964,,,,
Oldham County Detention Center,Chicago Field Office,3405 West Highway 146,LaGrange,KY,40031,United States,(502) 222-3500,"3405 West Highway 146 LaGrange, KY 40031 United States",https://www.ice.gov/detain/detention-facilities/oldham-county-detention-center,38.38929359999999,-85.4237673,USMS IGA,,125,11/28/2025
Orange County Jail,New York City Field Office,110 Wells Farm Road,Goshen,NY,10924,United States,,"110 Wells Farm Road Goshen, NY 10924 United States",https://www.ice.gov/detain/detention-facilities/orange-county-jail,41.4049515,-74.35929720000001,IGSA,,68,08/19/2024
Otay Mesa Detention Center,San Diego Field Office,7488 Calzada de la Fuente,San Diego,CA,92154,United States,,"7488 Calzada de la Fuente San Diego, CA 92154 United States",https://www.ice.gov/detain/detention-facilities/otay-mesa-detention-center,32.5750242,-116.9147637,CDF,750,1475,11/28/2025
Otero County Processing Center,El Paso Field Office,26 McGregor Range Road,Chaparral,NM,88081,United States,,"26 McGregor Range Road Chaparral, NM 88081 United States",https://www.ice.gov/detain/detention-facilities/otero-county-processing-center,32.0768294,-106.2549005,DIGSA,500,846,11/28/2025
Ozark County Jail,Chicago Field Office,1818 County Road 806,Gainesville,MO,65655,United States,,"1818 County Road 806 Gainesville, MO 65655 United States",https://www.ice.gov/detain/detention-facilities/ozark-county-jail,36.6032101,-92.4596506,,,,
Pennington County Jail,St. Paul Field Office,307 Saint Joseph St,Rapid City,SD,57701,United States,,"307 Saint Joseph St Rapid City, SD 57701 United States",https://www.ice.gov/detain/detention-facilities/pennington-county-jail,44.07868029999999,-103.221535,,,,
Phelps County Jail,St. Paul Field Office,715 5th Avenue,Holdrege,NE,68949,United States,,"715 5th Avenue Holdrege, NE 68949 United States",https://www.ice.gov/detain/detention-facilities/phelps-county-jail,40.4395445,-99.3703646,USMS IGA,,29,03/31/2025
Phelps County Jail,Chicago Field Office,500 W. 2nd Street,Rolla,MO,65401,United States,,"500 W. 2nd Street Rolla, MO 65401 United States",https://www.ice.gov/detain/detention-facilities/phelps-county-jail-0,37.9457141,-91.77505339999999,USMS IGA,,1,03/31/2025
Pike County Correctional Facility,Philadelphia Field Office,175 Pike County Blvd.,Lords Valley,PA,18428,United States,,"175 Pike County Blvd. Lords Valley, PA 18428 United States",https://www.ice.gov/detain/detention-facilities/pike-county-correctional-facility,41.3890147,-75.0713413,IGSA,100,123,05/13/2024
Pine Prairie ICE Processing Center,New Orleans Field Office,1133 Hampton Dupre Road,Pine Prairie,LA,70576,United States,,"1133 Hampton Dupre Road Pine Prairie, LA 70576 United States",https://www.ice.gov/detain/detention-facilities/pine-prairie-ice-processing-center,30.7886095,-92.42351459999999,IGSA,,909,11/28/2025
Plymouth County Correctional Facility,Boston Field Office,26 Long Pond Road,Plymouth,MA,02360,United States,,"26 Long Pond Road Plymouth, MA 02360 United States",https://www.ice.gov/detain/detention-facilities/plymouth-county-correctional-facility,41.9313647,-70.6510495,IGSA,,509,11/28/2025
Polk County Jail,St. Paul Field Office,1985 NE 51st Place,Des Moines,IA,50313,United States,,"1985 NE 51st Place Des Moines, IA 50313 United States",https://www.ice.gov/detain/detention-facilities/polk-county-jail,41.6534852,-93.587758,USMS IGA,,50,11/28/2025
Port Isabel Service Processing Center,Harlingen Field Office,27991 Buena Vista Blvd.,Los Fresnos,TX,78566,United States,,"27991 Buena Vista Blvd. Los Fresnos, TX 78566 United States",https://www.ice.gov/detain/detention-facilities/port-isabel-service-processing-center,26.1569011,-97.35055609999999,,,,
Pottawattamie County Jail,St. Paul Field Office,1400 Big Lake Road,Council Bluffs,IA,51501,United States,,"1400 Big Lake Road Council Bluffs, IA 51501 United States",https://www.ice.gov/detain/detention-facilities/pottawattamie-county-jail,41.2842697,-95.8653913,USMS IGA,,34,11/28/2025
Prairieland Detention Facility,Dallas Field Office,1209 Sunflower Lane,Alvarado,TX,76009,United States,,"1209 Sunflower Lane Alvarado, TX 76009 United States",https://www.ice.gov/detain/detention-facilities/prairieland-detention-facility,32.4214133,-97.19582779999999,DIGSA,525,571,05/13/2024
Richwood Correctional Center,New Orleans Field Office,180 Pine Bayou Circle,Monroe,LA,71202,United States,,"180 Pine Bayou Circle Monroe, LA 71202 United States",https://www.ice.gov/detain/detention-facilities/richwood-correctional-center,32.4568901,-92.0784706,IGSA,677,1101,11/28/2025
Rio Grande Processing Center,Harlingen Field Office,1001 San Rio Blvd,Laredo,TX,78046,United States,,"1001 San Rio Blvd Laredo, TX 78046 United States",https://www.ice.gov/detain/detention-facilities/rio-grande-detention-center,27.377685,-99.4901498,,,,
River Correctional Center,New Orleans Field Office,26362 Highway 15,Ferriday,LA,71334,United States,,"26362 Highway 15 Ferriday, LA 71334 United States",https://www.ice.gov/detain/detention-facilities/river-correctional-center,31.5971028,-91.5580974,IGSA,361,602,11/28/2025
Rolling Plains Detention Center,Dallas Field Office,118 County Road 206,Haskell,TX,79521,United States,,"118 County Road 206 Haskell, TX 79521 United States",https://www.ice.gov/detain/detention-facilities/rolling-plains-detention-center,33.1771862,-99.7217295,USMS IGA,,12,08/14/2022
San Luis Regional Detention Center,San Diego Field Office,406 North Avenue D,San Luis,AZ,85349,United States,,"406 North Avenue D San Luis, AZ 85349 United States",https://www.ice.gov/detain/detention-facilities/san-luis-regional-detention-center,32.4828449,-114.6835588,IGSA,100,367,11/28/2025
Seneca County Jail,Detroit Field Office,3040 South State Route 100,Tiffin,OH,44883,United States,,"3040 South State Route 100 Tiffin, OH 44883 United States",https://www.ice.gov/detain/detention-facilities/seneca-county-jail,41.0793527,-83.1538747,IGSA,,62,11/28/2025
Sherburne County Jail Services,St. Paul Field Office,13880 Business Center Drive NW,Elk River,MN,55330,United States,,"13880 Business Center Drive NW Elk River, MN 55330 United States",https://www.ice.gov/detain/detention-facilities/sherburne-county-jail-services,45.304588,-93.61912060000002,,,,
South Louisiana ICE Processing Center,New Orleans Field Office,3843 Stagg Ave,Basile,LA,70515,United States,,"3843 Stagg Ave Basile, LA 70515 United States",https://www.ice.gov/detain/detention-facilities/south-louisiana-ice-processing-center,30.4870681,-92.581813,IGSA,700,994,11/28/2025
South Texas ICE Processing Center,San Antonio Field Office,566 Veterans Drive,Pearsall,TX,78061,United States,,"566 Veterans Drive Pearsall, TX 78061 United States",https://www.ice.gov/detain/detention-facilities/south-texas-ice-processing-center,28.8973835,-99.1187908,CDF,1350,1732,11/28/2025
St. Clair County Jail,Detroit Field Office,1170 Michigan Road,Port Huron,MI,48060,United States,,"1170 Michigan Road Port Huron, MI 48060 United States",https://www.ice.gov/detain/detention-facilities/st-clair-county-jail,42.94231130000001,-82.47947909999999,IGSA,,42,11/28/2025
Ste. Genevieve County Detention Center,Chicago Field Office,5 Basler Drive,Ste. Genevieve,MO,63670,United States,,"5 Basler Drive Ste. Genevieve, MO 63670 United States",https://www.ice.gov/detain/detention-facilities/ste-genevieve-county-detention-center,37.9653281,-90.0557269,,,,
Stewart Detention Center,Atlanta Field Office,146 CCA Road,Lumpkin,GA,31815,United States,,"146 CCA Road Lumpkin, GA 31815 United States",https://www.ice.gov/detain/detention-facilities/stewart-detention-center,32.0365622,-84.7713749,DIGSA,1600,2044,11/28/2025
Strafford County Corrections,Boston Field Office,266 County Farm Road,Dover,NH,03820,United States,,"266 County Farm Road Dover, NH 03820 United States",https://www.ice.gov/detain/detention-facilities/strafford-county-corrections,43.218151,-70.9400658,IGSA,,142,11/28/2025
Sweetwater County Detention Center,Denver Field Office,50140 US Highway 191 South,Rock Springs,WY,82901,United States,,"50140 US Highway 191 South Rock Springs, WY 82901 United States",https://www.ice.gov/detain/detention-facilities/sweetwater-county-detention-center,41.5386685,-109.302023,,,,
T. Don Hutto Detention Center,San Antonio Field Office,1001 Welch Street,Taylor,TX,76574,United States,,"1001 Welch Street Taylor, TX 76574 United States",https://www.ice.gov/detain/detention-facilities/t-don-hutto-detention-center,30.5655231,-97.4198336,CDF,461,444,11/28/2025
Torrance County Detention Facility,El Paso Field Office,209 County Road A049,Estancia,NM,87016,United States,,"209 County Road A049 Estancia, NM 87016 United States",https://www.ice.gov/detain/detention-facilities/torrance-county-detention-facility,34.7672813,-106.0185814,IGSA,505,346,10/10/2023
Washoe County Jail,Salt Lake City Field Office,911 E Parr Blvd,Reno,NV,89512,United States,,"911 E Parr Blvd Reno, NV 89512 United States",https://www.ice.gov/detain/detention-facilities/washoe-county-jail,39.573637,-119.8109942,USMS IGA,,12,05/13/2024
West Tennessee Detention Facility,New Orleans Field Office,6299 Finde Naifeh Drive,Mason,TN,38049,United States,,"6299 Finde Naifeh Drive Mason, TN 38049 United States",https://www.ice.gov/detain/detention-facilities/west-tennessee-detention-facility,35.4074582,-89.5486122,,,,
Winn Correctional Center,New Orleans Field Office,560 Gum Springs Road,Winnfield,LA,71483,United States,,"560 Gum Springs Road Winnfield, LA 71483 United States",https://www.ice.gov/detain/detention-facilities/winn-correctional-center,31.8389273,-92.7903075,DIGSA,946,1534,11/28/2025
Wyatt Detention Facility,Boston Field Office,950 High Street,Central Falls,RI,02863,United States,,"950 High Street Central Falls, RI 02863 United States",https://www.ice.gov/detain/detention-facilities/wyatt-detention-facility,41.8924645,-71.38395899999999,,,,
